Country,Year,FIFA Ranking,Number of Players,Average Market Value (in Million USD),Total Market Value (in Million USD),GDP,GNI
Argentina,2003,5.0,98.0,,,127586973492.177,127586973492.177
Argentina,2004,3.0,71.0,,,164657930452.787,164657930452.787
Argentina,2005,4.0,80.0,,,198737095012.282,198737095012.282
Argentina,2006,3.0,85.0,,,232557260817.308,232557260817.308
Argentina,2007,1.0,85.0,,,287530508430.568,287530508430.568
Argentina,2008,6.0,91.0,,,361558037110.419,361558037110.419
Argentina,2009,8.0,103.0,,,332976484577.619,332976484577.619
Argentina,2010,5.0,98.0,,,423627422092.49,423627422092.49
Argentina,2011,10.0,101.0,,,530158122010.442,530158122010.442
Argentina,2012,3.0,103.0,,,545982375701.128,545982375701.128
Argentina,2013,3.0,105.0,,,552025140252.246,552025140252.246
Argentina,2014,2.0,110.0,,,526319673731.638,526319673731.638
Argentina,2015,2.0,96.0,0.48405000000000004,637.1505,594749285413.212,594749285413.212
Argentina,2016,1.0,98.0,586.95,823.2840000000001,557532320662.955,557532320662.955
Argentina,2017,4.0,102.0,0.66045,801.0765,643628393281.364,643628393281.364
Argentina,2018,11.0,89.0,0.7948500000000001,969.99,524819892360.176,524819892360.176
Argentina,2019,9.0,78.0,0.89145,1207.5,447754683615.225,447754683615.225
Argentina,2020,7.0,83.0,,,385740508436.965,385740508436.965
Argentina,2021,5.0,74.0,0.82845,993.3315,487902572164.348,487902572164.348
Argentina,2022,2.0,82.0,0.6678000000000001,828.4815,631133384439.944,631133384439.944
Argentina,2023,,75.0,0.75915,947.268,640591410663.883,640591410663.883
Brazil,2003,1.0,104.0,,,558233745651.874,558233745651.874
Brazil,2004,1.0,107.0,,,669289424806.307,669289424806.307
Brazil,2005,1.0,129.0,,,891633839853.105,891633839853.105
Brazil,2006,1.0,123.0,0.2604,217.14000000000001,1107626541710.74,1107626541710.74
Brazil,2007,2.0,144.0,0.24465000000000003,245.85750000000002,1397114486471.38,1397114486471.38
Brazil,2008,5.0,148.0,0.29819999999999997,296.15250000000003,1695855083552.05,1695855083552.05
Brazil,2009,2.0,123.0,0.6048,555.9225000000001,1666996438681.46,1666996438681.46
Brazil,2010,4.0,115.0,0.8547,958.6815,2208837745214.23,2208837745214.23
Brazil,2011,6.0,107.0,1.03845,1123.5,2616156223977.47,2616156223977.47
Brazil,2012,18.0,120.0,1.0185,1123.5,2465227803011.57,2465227803011.57
Brazil,2013,10.0,111.0,0.87675,987.189,2472819535742.73,2472819535742.73
Brazil,2014,6.0,110.0,0.8137500000000001,847.9275,2456043727198.85,2456043727198.85
Brazil,2015,6.0,128.0,0.7150500000000001,749.7315,1802212206904.68,1802212206904.68
Brazil,2016,2.0,122.0,0.67725,732.5115000000001,1795693482652.52,1795693482652.52
Brazil,2017,2.0,117.0,1.04895,1081.5,2063514977334.32,2063514977334.32
Brazil,2018,3.0,118.0,0.9460500000000001,1081.5,1916933898038.36,1916933898038.36
Brazil,2019,3.0,126.0,1.0311000000000001,1102.5,1873288205186.45,1873288205186.45
Brazil,2020,3.0,112.0,0.8673,987.9240000000001,1476107231194.11,1476107231194.11
Brazil,2021,2.0,106.0,1.0321500000000001,1218.0,1670647399034.67,1670647399034.67
Brazil,2022,1.0,107.0,1.2075,1302.0,1951923942083.32,1951923942083.32
Brazil,2023,,107.0,1.6170000000000002,1753.5,2173665655937.27,2173665655937.27
Colombia,2003,39.0,6.0,,,94644969157.0987,94644969157.0987
Colombia,2004,26.0,8.0,,,117092416666.245,117092416666.245
Colombia,2005,24.0,10.0,,,145600529605.803,145600529605.803
Colombia,2006,34.0,10.0,,,161792958904.864,161792958904.864
Colombia,2007,17.0,13.0,,,206229540926.311,206229540926.311
Colombia,2008,49.0,12.0,,,242504150472.931,242504150472.931
Colombia,2009,39.0,17.0,0.0546,39.522000000000006,232468663109.594,232468663109.594
Colombia,2010,48.0,18.0,0.0567,46.242000000000004,286498534094.963,286498534094.963
Colombia,2011,36.0,21.0,0.063,52.206,334966134804.887,334966134804.887
Colombia,2012,5.0,19.0,0.22155,185.9865,370691143018.039,370691143018.039
Colombia,2013,4.0,30.0,0.21525,184.2015,382093697077.685,382093697077.685
Colombia,2014,3.0,25.0,0.30555,225.22500000000002,381240864422.406,381240864422.406
Colombia,2015,8.0,25.0,0.24465000000000003,215.25,293492370193.166,293492370193.166
Colombia,2016,6.0,23.0,0.23205,191.73,282720100286.228,282720100286.228
Colombia,2017,13.0,24.0,0.24885,215.67000000000002,311866875156.879,311866875156.879
Colombia,2018,12.0,24.0,0.31185,266.2275,334198218098.276,334198218098.276
Colombia,2019,10.0,23.0,0.31815,291.459,323031701192.84,323031701192.84
Colombia,2020,15.0,22.0,,,270348342541.465,270348342541.465
Colombia,2021,16.0,23.0,0.40635000000000004,333.8265,318524633225.395,318524633225.395
Colombia,2022,17.0,27.0,0.3297,275.52,345329875078.512,345329875078.512
Colombia,2023,,27.0,0.31395,287.60550000000006,363540156234.868,363540156234.868
England,2003,8.0,191.0,,,2054420000000.0,1923870000000.0
England,2004,8.0,200.0,3.696,2446.5,2421530000000.0,2268310000000.0
England,2005,9.0,197.0,3.8325,2520.0,2543180000000.0,2579430000000.0
England,2006,5.0,193.0,3.7800000000000002,2730.0,2708440000000.0,2728980000000.0
England,2007,12.0,173.0,4.494000000000001,3328.5,3090510000000.0,2905850000000.0
England,2008,8.0,189.0,5.0925,3769.5,2929410000000.0,2990660000000.0
England,2009,9.0,182.0,4.8615,3664.5,2412840000000.0,2745240000000.0
England,2010,6.0,192.0,5.25,3958.5,2485480000000.0,2621560000000.0
England,2011,5.0,195.0,5.082,3748.5,2663810000000.0,2599970000000.0
England,2012,6.0,179.0,5.418,3979.5,2707090000000.0,2662480000000.0
England,2013,13.0,164.0,5.5755,4242.0,2784850000000.0,2744030000000.0
England,2014,13.0,227.0,5.932500000000001,4420.5,3064710000000.0,2879860000000.0
England,2015,9.0,222.0,6.426,5103.0,2927910000000.0,2890070000000.0
England,2016,13.0,223.0,7.896,6174.0,2689110000000.0,2818540000000.0
England,2017,15.0,215.0,11.518500000000001,8484.0,2680150000000.0,2752280000000.0
England,2018,5.0,209.0,13.377,10300.5,2871340000000.0,2792600000000.0
England,2019,4.0,241.0,11.245500000000002,8715.0,2851410000000.0,2890070000000.0
England,2020,4.0,257.0,12.022499999999999,9618.0,2697810000000.0,2599180000000.0
England,2021,4.0,283.0,12.18,9807.0,3141510000000.0,3052770000000.0
England,2022,5.0,271.0,14.143500000000001,1188.6000000000001,3088840000000.0,3297430000000.0
England,2023,,304.0,15.015,1283.1000000000001,3340030000000.0,3266990000000.0
France,2003,2.0,365.0,,,1844544792036.86,1844544792036.86
France,2004,2.0,330.0,1.7535,1092.0,2119633181634.37,2119633181634.37
France,2005,5.0,329.0,2.016,1333.5,2196945232435.8,2196945232435.8
France,2006,4.0,311.0,2.2575,1491.0,2320536221304.7,2320536221304.7
France,2007,7.0,325.0,2.4255,1585.5,2660591246211.77,2660591246211.77
France,2008,11.0,335.0,2.3835,1543.5,2930303780828.12,2930303780828.12
France,2009,7.0,310.0,2.562,1669.5,2700887366932.03,2700887366932.03
France,2010,18.0,315.0,2.52,1680.0,2645187882116.67,2645187882116.67
France,2011,15.0,309.0,2.4255,1669.5,2865157541994.17,2865157541994.17
France,2012,17.0,316.0,2.415,1701.0,2683671716967.19,2683671716967.19
France,2013,20.0,298.0,2.52,1837.5,2811876903329.03,2811876903329.03
France,2014,7.0,346.0,2.583,1722.0,2855964488590.19,2855964488590.19
France,2015,25.0,383.0,2.709,1879.5,2439188643162.5,2439188643162.5
France,2016,7.0,369.0,3.003,2247.0,2472964344587.17,2472964344587.17
France,2017,9.0,343.0,5.3445,3654.0,2595151045197.65,2595151045197.65
France,2018,2.0,368.0,5.596500000000001,4221.0,2790956878746.66,2790956878746.66
France,2019,2.0,357.0,5.3549999999999995,3580.5,2728870246705.88,2728870246705.88
France,2020,2.0,410.0,5.838,4221.0,2647418691598.45,2647418691598.45
France,2021,3.0,416.0,5.691,4420.5,2959355819170.5,2959355819170.5
France,2022,3.0,423.0,5.985,4525.5,2779092236505.85,2779092236505.85
France,2023,,383.0,6.573,4588.5,3030904089607.9,3030904089607.9
Germany,2003,12.0,226.0,,,2501640388482.35,2501640388482.35
Germany,2004,19.0,214.0,1.9949999999999999,1144.5,2814353869359.08,2814353869359.08
Germany,2005,16.0,231.0,2.1734999999999998,1270.5,2846864211175.1,2846864211175.1
Germany,2006,6.0,223.0,2.4045,1365.0,2994703642023.53,2994703642023.53
Germany,2007,5.0,212.0,2.541,1554.0,3425578382921.58,3425578382921.58
Germany,2008,2.0,202.0,2.9085,1753.5,3745264093617.19,3745264093617.19
Germany,2009,6.0,204.0,3.045,1869.0,3411261212652.34,3411261212652.34
Germany,2010,3.0,214.0,3.4965,2026.5,3399667820000.01,3399667820000.01
Germany,2011,3.0,223.0,3.3495,2016.0,3749314991050.59,3749314991050.59
Germany,2012,2.0,229.0,3.6435000000000004,2173.5,3527143188785.16,3527143188785.16
Germany,2013,2.0,254.0,4.053,2520.0,3733804649549.03,3733804649549.03
Germany,2014,1.0,272.0,4.557,2614.5,3889093051023.52,3889093051023.52
Germany,2015,4.0,274.0,4.683,2814.0,3357585719351.56,3357585719351.56
Germany,2016,3.0,268.0,4.704000000000001,3024.0,3469853463945.53,3469853463945.53
Germany,2017,1.0,268.0,6.9719999999999995,4189.5,3690849152517.65,3690849152517.65
Germany,2018,16.0,258.0,8.0955,5124.0,3974443355019.6,3974443355019.6
Germany,2019,15.0,282.0,7.3709999999999996,4693.5,3889177589254.9,3889177589254.9
Germany,2020,13.0,264.0,8.0535,5040.0,3887727161914.41,3887727161914.41
Germany,2021,12.0,285.0,7.0455000000000005,4567.5,4278503934689.85,4278503934689.85
Germany,2022,14.0,287.0,7.581,4893.0,4082469490797.68,4082469490797.68
Germany,2023,,295.0,8.19,5145.0,4456081016705.96,4456081016705.96
Indonesia,2003,91.0,,,,234772463823.808,234772463823.808
Indonesia,2004,91.0,,,,256836875295.452,256836875295.452
Indonesia,2005,109.0,,,,285868619196.085,285868619196.085
Indonesia,2006,153.0,,,,364570515618.357,364570515618.357
Indonesia,2007,133.0,,,,432216737774.861,432216737774.861
Indonesia,2008,139.0,,0.026250000000000002,2.3415,510228634990.598,510228634990.598
Indonesia,2009,120.0,1.0,0.00945,1.02375,539580085616.492,539580085616.492
Indonesia,2010,127.0,1.0,0.02835,4.8825,755094157621.936,755094157621.936
Indonesia,2011,142.0,1.0,0.00945,5.3340000000000005,892969104563.171,892969104563.171
Indonesia,2012,156.0,1.0,,,917869913332.649,917869913332.649
Indonesia,2013,161.0,1.0,0.008400000000000001,4.4625,912524136718.018,912524136718.018
Indonesia,2014,159.0,1.0,0.007350000000000001,4.2315000000000005,890814755533.537,890814755533.537
Indonesia,2015,179.0,1.0,,,860854232686.214,860854232686.214
Indonesia,2016,171.0,2.0,0.0126,6.1425,931877364037.698,931877364037.698
Indonesia,2017,162.0,1.0,0.0924,57.729,1015618744159.73,1015618744159.73
Indonesia,2018,159.0,2.0,0.08505,51.481500000000004,1042271532988.63,1042271532988.63
Indonesia,2019,173.0,1.0,0.11970000000000001,80.35650000000001,1119099871350.2,1119099871350.2
Indonesia,2020,173.0,,0.1113,63.0,1059054842698.48,1059054842698.48
Indonesia,2021,164.0,,0.11445000000000001,109.1895,1186509691086.73,1186509691086.73
Indonesia,2022,151.0,,0.12285000000000001,110.397,1319076267310.16,1319076267310.16
Indonesia,2023,,1.0,0.1281,96.28500000000001,1371171152331.16,1371171152331.16
Italy,2003,10.0,318.0,,,1577621707050.51,1577621707050.51
Italy,2004,10.0,374.0,2.5725000000000002,2005.5,1806542968545.56,1806542968545.56
Italy,2005,12.0,382.0,2.4885,2026.5,1858217147203.73,1858217147203.73
Italy,2006,2.0,388.0,2.3939999999999997,2026.5,1949551719389.64,1949551719389.64
Italy,2007,3.0,351.0,2.8665000000000003,2352.0,2213102482751.46,2213102482751.46
Italy,2008,4.0,352.0,3.3285,2551.5,2408655348718.59,2408655348718.59
Italy,2009,4.0,330.0,3.3285,2845.5,2199928804118.63,2199928804118.63
Italy,2010,14.0,295.0,3.2445,2740.5,2136099955236.67,2136099955236.67
Italy,2011,9.0,297.0,3.045,2478.0,2294994296589.5,2294994296589.5
Italy,2012,4.0,286.0,3.0555000000000003,2709.0,2086957656821.6,2086957656821.6
Italy,2013,7.0,277.0,2.8665000000000003,3118.5,2141924094298.56,2141924094298.56
Italy,2014,11.0,361.0,3.4755000000000003,2929.5,2162009615996.54,2162009615996.54
Italy,2015,15.0,358.0,3.8430000000000004,3129.0,1836637711060.55,1836637711060.55
Italy,2016,16.0,382.0,4.1475,3622.5,1877071687633.78,1877071687633.78
Italy,2017,14.0,349.0,5.838,4819.5,1961796197354.36,1961796197354.36
Italy,2018,18.0,326.0,5.313,6216.0,2091932426266.98,2091932426266.98
Italy,2019,13.0,328.0,6.7620000000000005,5239.5,2011302198827.45,2011302198827.45
Italy,2020,10.0,344.0,6.8775,5712.0,1897461635591.91,1897461635591.91
Italy,2021,6.0,357.0,6.6255,5565.0,2154875493744.93,2154875493744.93
Italy,2022,8.0,327.0,6.7410000000000005,5397.0,2066972096553.7,2066972096553.7
Italy,2023,,320.0,6.846,5680.5,2254851212731.8,2254851212731.8
Mexico,2003,7.0,3.0,,,765549967703.273,765549967703.273
Mexico,2004,7.0,2.0,0.15225,90.3525,819459227375.022,819459227375.022
Mexico,2005,5.0,4.0,0.1239,77.385,917571853529.104,917571853529.104
Mexico,2006,20.0,5.0,0.14700000000000002,101.85000000000001,1020265057882.01,1020265057882.01
Mexico,2007,15.0,9.0,0.67515,492.534,1102355554971.95,1102355554971.95
Mexico,2008,26.0,9.0,0.9618000000000001,674.5725000000001,1161553459715.1,1161553459715.1
Mexico,2009,17.0,9.0,0.9807000000000001,643.0305,943437415024.633,943437415024.633
Mexico,2010,27.0,7.0,0.9397500000000001,585.3645,1105424238731.09,1105424238731.09
Mexico,2011,21.0,9.0,0.92715,585.0075,1229013703416.76,1229013703416.76
Mexico,2012,15.0,8.0,0.78645,642.3375,1255110424817.79,1255110424817.79
Mexico,2013,21.0,9.0,0.7329,628.4775,1327436290282.67,1327436290282.67
Mexico,2014,20.0,9.0,0.8778,689.9865,1364507717614.13,1364507717614.13
Mexico,2015,22.0,8.0,0.9145500000000001,733.5615,1213294467716.88,1213294467716.88
Mexico,2016,18.0,7.0,0.924,742.119,1112233497452.7,1112233497452.7
Mexico,2017,16.0,7.0,1.02795,785.7465000000001,1190721475906.0,1190721475906.0
Mexico,2018,17.0,10.0,1.2285,1019.5815,1256300182879.73,1256300182879.73
Mexico,2019,11.0,7.0,1.2285,963.564,1305211135822.61,1305211135822.61
Mexico,2020,9.0,7.0,1.3230000000000002,1006.9290000000001,1120832412468.85,1120832412468.85
Mexico,2021,14.0,11.0,1.4280000000000002,1060.5,1313069763986.6,1313069763986.6
Mexico,2022,15.0,7.0,1.47,1260.0,1463323889036.56,1463323889036.56
Mexico,2023,,9.0,1.4595,1239.0,1788886821046.81,1788886821046.81
Netherlands,2003,4.0,35.0,,,580070360701.96,580070360701.96
Netherlands,2004,6.0,31.0,1.0605,573.9929999999999,658380081545.175,658380081545.175
Netherlands,2005,3.0,37.0,1.1340000000000001,607.4985,685348181515.953,685348181515.953
Netherlands,2006,7.0,37.0,1.1130000000000002,616.0875,733955269898.823,733955269898.823
Netherlands,2007,9.0,29.0,1.2705,676.9350000000001,848558887541.179,848558887541.179
Netherlands,2008,3.0,34.0,1.3230000000000002,761.439,951869997864.062,951869997864.062
Netherlands,2009,3.0,30.0,1.3335000000000001,750.939,871518638049.218,871518638049.218
Netherlands,2010,2.0,34.0,1.3230000000000002,767.2139999999999,847380859016.668,847380859016.668
Netherlands,2011,2.0,35.0,1.2915,734.1075,905270626332.687,905270626332.687
Netherlands,2012,8.0,30.0,1.281,768.9465000000001,838923319919.531,838923319919.531
Netherlands,2013,9.0,34.0,1.1550000000000002,696.969,877172824534.512,877172824534.512
Netherlands,2014,5.0,33.0,1.1235000000000002,644.9100000000001,892167986713.722,892167986713.722
Netherlands,2015,14.0,41.0,1.2495,725.8125,765572770634.375,765572770634.375
Netherlands,2016,22.0,41.0,1.3860000000000001,876.3090000000001,784060430240.08,784060430240.08
Netherlands,2017,20.0,50.0,1.6275000000000002,990.57,833869641687.06,833869641687.06
Netherlands,2018,14.0,48.0,2.1315,1365.0,914043438179.607,914043438179.607
Netherlands,2019,14.0,56.0,1.9320000000000002,1218.0,910194347568.626,910194347568.626
Netherlands,2020,14.0,70.0,1.9530000000000003,1260.0,909793466661.481,909793466661.481
Netherlands,2021,10.0,78.0,1.9320000000000002,1291.5,1029678338329.44,1029678338329.44
Netherlands,2022,6.0,67.0,2.499,1627.5,1009398719033.08,1009398719033.08
Netherlands,2023,,62.0,2.6670000000000003,1732.5,1118124749886.29,1118124749886.29
Poland,2003,25.0,12.0,,,217828661056.935,217828661056.935
Poland,2004,25.0,17.0,0.47985000000000005,210.105,255107252158.631,255107252158.631
Poland,2005,22.0,16.0,0.4242,229.64550000000003,306145944824.93,306145944824.93
Poland,2006,24.0,18.0,0.41265,227.535,344626667414.292,344626667414.292
Poland,2007,22.0,19.0,0.39585000000000004,213.3075,429020755432.721,429020755432.721
Poland,2008,34.0,16.0,0.40005,211.4175,533599779515.715,533599779515.715
Poland,2009,58.0,16.0,0.441,241.899,439731589139.212,439731589139.212
Poland,2010,73.0,18.0,0.47355,252.0525,475696613935.595,475696613935.595
Poland,2011,66.0,17.0,0.4326,236.145,524374183218.309,524374183218.309
Poland,2012,55.0,19.0,0.3696,209.63250000000002,495230523665.901,495230523665.901
Poland,2013,76.0,25.0,0.32235,199.68900000000002,515761954074.157,515761954074.157
Poland,2014,41.0,25.0,0.30555,175.56,539080475073.719,539080475073.719
Poland,2015,34.0,22.0,0.32445,180.7365,477111287969.227,477111287969.227
Poland,2016,15.0,30.0,0.3633,218.97750000000002,470024599375.619,470024599375.619
Poland,2017,7.0,30.0,0.34650000000000003,208.404,524641252834.826,524641252834.826
Poland,2018,20.0,29.0,0.40530000000000005,263.2875,588779796423.695,588779796423.695
Poland,2019,19.0,30.0,0.3486,218.505,596058473058.766,596058473058.766
Poland,2020,19.0,36.0,0.50715,307.10400000000004,599442732365.372,599442732365.372
Poland,2021,27.0,38.0,0.48195000000000005,347.47650000000004,681346077608.607,681346077608.607
Poland,2022,22.0,43.0,0.46095,309.939,689763329458.441,689763329458.441
Poland,2023,,37.0,0.49665,333.48,811229100687.566,811229100687.566
Portugal,2003,17.0,29.0,,,165226175536.793,165226175536.793
Portugal,2004,9.0,31.0,1.1655000000000002,622.629,189382122532.169,189382122532.169
Portugal,2005,10.0,36.0,1.0815000000000001,597.7125,197253876704.921,197253876704.921
Portugal,2006,8.0,38.0,1.1235000000000002,552.72,208756449275.848,208756449275.848
Portugal,2007,8.0,39.0,1.281,634.8615,240496147317.381,240496147317.381
Portugal,2008,11.0,37.0,1.3335000000000001,682.71,263416394624.084,263416394624.084
Portugal,2009,5.0,34.0,1.344,797.895,244667762835.543,244667762835.543
Portugal,2010,8.0,32.0,1.7010000000000003,894.705,238113003233.284,238113003233.284
Portugal,2011,7.0,37.0,1.8900000000000001,1024.5375000000001,245117990242.248,245117990242.248
Portugal,2012,7.0,44.0,2.0475,1113.0,216224240577.957,216224240577.957
Portugal,2013,5.0,41.0,1.827,1015.665,226433858005.714,226433858005.714
Portugal,2014,7.0,44.0,1.7010000000000003,1071.0,229901964221.884,229901964221.884
Portugal,2015,7.0,45.0,1.722,1102.5,199394066525.44,199394066525.44
Portugal,2016,8.0,50.0,1.7955,1186.5,206426152308.931,206426152308.931
Portugal,2017,3.0,45.0,2.0475,1249.5,221357874718.93,221357874718.93
Portugal,2018,6.0,54.0,2.1945,1449.0,242313116577.967,242313116577.967
Portugal,2019,7.0,58.0,1.806,1165.5,239986922638.902,239986922638.902
Portugal,2020,5.0,69.0,2.4885,1575.0,229031860520.777,229031860520.777
Portugal,2021,8.0,61.0,2.499,1743.0,255534839405.899,255534839405.899
Portugal,2022,9.0,76.0,2.6565,1795.5,255196659934.378,255196659934.378
Portugal,2023,,71.0,2.8979999999999997,1911.0,287080013574.497,287080013574.497
Qatar,2003,65.0,1.0,,,23533791208.7912,23533791208.7912
Qatar,2004,66.0,,,,31734065934.0659,31734065934.0659
Qatar,2005,95.0,,,,44530494505.4945,44530494505.4945
Qatar,2006,58.0,,,,60882142857.1429,60882142857.1429
Qatar,2007,87.0,1.0,,,79712087912.0879,79712087912.0879
Qatar,2008,84.0,1.0,,,115270054945.055,115270054945.055
Qatar,2009,86.0,,,,97798351648.3516,97798351648.3516
Qatar,2010,112.0,,,,125122306346.154,125122306346.154
Qatar,2011,93.0,,0.1302,59.43000000000001,167775268626.374,167775268626.374
Qatar,2012,98.0,1.0,0.2436,97.7865,186833502362.637,186833502362.637
Qatar,2013,103.0,1.0,0.25935,129.969,198727642967.033,198727642967.033
Qatar,2014,95.0,1.0,0.29400000000000004,155.69400000000002,206224598571.429,206224598571.429
Qatar,2015,86.0,,0.33390000000000003,161.3745,161739955576.923,161739955576.923
Qatar,2016,87.0,1.0,0.27930000000000005,140.91,151732181868.132,151732181868.132
Qatar,2017,102.0,,0.24885,126.084,161099122225.275,161099122225.275
Qatar,2018,93.0,,0.39585000000000004,185.1675,183334953818.681,183334953818.681
Qatar,2019,55.0,,0.41265,189.18900000000002,176371267692.308,176371267692.308
Qatar,2020,58.0,,0.3927,211.7115,144411363351.648,144411363351.648
Qatar,2021,48.0,,0.39480000000000004,185.37750000000003,179732009560.44,179732009560.44
Qatar,2022,60.0,,0.36119999999999997,168.31500000000003,235770403734.9,235770403734.9
Qatar,2023,,,0.64785,305.5605,,
Saudi Arabia,2003,26.0,,,,215807733333.333,215807733333.333
Saudi Arabia,2004,28.0,,0.042,13.629000000000001,258742133333.333,258742133333.333
Saudi Arabia,2005,33.0,,0.1092,36.54,328459608764.111,328459608764.111
Saudi Arabia,2006,64.0,,0.11025,36.5925,376900133511.348,376900133511.348
Saudi Arabia,2007,61.0,,0.06825,23.131500000000003,415964509673.115,415964509673.115
Saudi Arabia,2008,48.0,,0.1008,43.3965,519796800000.0,519796800000.0
Saudi Arabia,2009,63.0,,0.21000000000000002,80.493,429097866666.667,429097866666.667
Saudi Arabia,2010,80.0,,0.3045,145.929,528207200000.0,528207200000.0
Saudi Arabia,2011,96.0,,0.2877,159.894,676634666666.667,676634666666.667
Saudi Arabia,2012,126.0,,0.252,132.699,741849866666.667,741849866666.667
Saudi Arabia,2013,87.0,,0.2331,119.8365,753864533333.333,753864533333.333
Saudi Arabia,2014,102.0,,0.2205,124.005,766605866666.667,766605866666.667
Saudi Arabia,2015,80.0,,0.21315000000000003,109.67250000000001,669484266666.667,669484266666.667
Saudi Arabia,2016,54.0,,0.32865,177.24,666000000000.0,666000000000.0
Saudi Arabia,2017,63.0,2.0,0.41475000000000006,217.53900000000002,714994666666.667,714994666666.667
Saudi Arabia,2018,69.0,,0.7077000000000001,442.75350000000003,846583733333.333,846583733333.333
Saudi Arabia,2019,67.0,,0.6489,395.58750000000003,838564800000.0,838564800000.0
Saudi Arabia,2020,67.0,,0.6646500000000001,403.25250000000005,734271200000.0,734271200000.0
Saudi Arabia,2021,51.0,,0.5848500000000001,388.81500000000005,874156000000.0,874156000000.0
Saudi Arabia,2022,49.0,,0.6699,367.332,1108571466666.67,1108571466666.67
Saudi Arabia,2023,,,1.533,1017.4185000000001,1067582933333.33,1067582933333.33
Scotland,2003,54.0,28.0,,,1585500840000.0,1603644840000.0
Scotland,2004,86.0,20.0,0.5880000000000001,245.1225,1666522620000.0,1680237720000.0
Scotland,2005,60.0,21.0,0.6258,277.80899999999997,1762423740000.0,1780713900000.0
Scotland,2006,25.0,21.0,0.6415500000000001,293.9475,1854767880000.0,1847488860000.0
Scotland,2007,14.0,16.0,0.7087500000000001,321.9615,1946242620000.0,1928472840000.0
Scotland,2008,33.0,8.0,0.8694,373.716,2007936000000.0,1981436940000.0
Scotland,2009,46.0,22.0,0.8305500000000001,368.109,1951490520000.0,1935095400000.0
Scotland,2010,52.0,21.0,0.64995,289.359,2026776780000.0,2027667600000.0
Scotland,2011,47.0,21.0,0.5596500000000001,256.1265,2094863400000.0,2103614100000.0
Scotland,2012,72.0,20.0,0.41790000000000005,179.84400000000002,2159280900000.0,2139171300000.0
Scotland,2013,34.0,20.0,0.42105000000000004,170.04749999999999,2244514860000.0,2204737920000.0
Scotland,2014,36.0,19.0,0.40005,171.60150000000002,2346767640000.0,2304844920000.0
Scotland,2015,52.0,19.0,0.3906,169.239,2414728260000.0,2362099320000.0
Scotland,2016,67.0,21.0,0.38745,180.9675,2509472700000.0,2450589120000.0
Scotland,2017,34.0,14.0,0.4662,211.50150000000002,2623927320000.0,2595694500000.0
Scotland,2018,38.0,12.0,0.5838000000000001,328.629,2711903040000.0,2675044260000.0
Scotland,2019,50.0,20.0,0.60795,284.96999999999997,2814740460000.0,2811900420000.0
Scotland,2020,48.0,22.0,0.8095500000000001,370.1565,2650392360000.0,2593738980000.0
Scotland,2021,38.0,29.0,0.89985,449.757,2879604000000.0,2896804260000.0
Scotland,2022,42.0,27.0,0.91035,432.39000000000004,3183299280000.0,3200699880000.0
Scotland,2023,,25.0,0.92295,442.3125,3427236540000.0,3404183580000.0
South Korea,2003,22.0,2.0,,,702714855193.904,702714855193.904
South Korea,2004,22.0,1.0,,,793175561887.027,793175561887.027
South Korea,2005,29.0,6.0,,,934901071332.984,934901071332.984
South Korea,2006,51.0,5.0,,,1053216909887.56,1053216909887.56
South Korea,2007,42.0,5.0,0.0504,27.321,1172614086539.86,1172614086539.86
South Korea,2008,42.0,6.0,0.0966,53.8965,1047339010225.25,1047339010225.25
South Korea,2009,52.0,7.0,0.063,36.75,943941876218.743,943941876218.743
South Korea,2010,40.0,7.0,0.07245000000000001,45.675000000000004,1143672241149.72,1143672241149.72
South Korea,2011,32.0,8.0,0.1323,90.909,1253289537500.81,1253289537500.81
South Korea,2012,35.0,8.0,0.1827,122.04150000000001,1278046536287.01,1278046536287.01
South Korea,2013,54.0,9.0,0.25095,138.1065,1370632955321.2,1370632955321.2
South Korea,2014,69.0,9.0,0.336,158.1825,1484488526271.8,1484488526271.8
South Korea,2015,51.0,9.0,0.32655,155.169,1466038936206.43,1466038936206.43
South Korea,2016,37.0,7.0,0.3024,140.805,1499679823909.61,1499679823909.61
South Korea,2017,60.0,9.0,0.2772,131.334,1623074183501.9,1623074183501.9
South Korea,2018,53.0,10.0,0.24045000000000002,121.38,1725373496825.43,1725373496825.43
South Korea,2019,40.0,9.0,0.3087,163.69500000000002,1651422932447.77,1651422932447.77
South Korea,2020,38.0,9.0,0.29295000000000004,139.2615,1644312831906.17,1644312831906.17
South Korea,2021,33.0,8.0,0.38115,178.9725,1818432106880.04,1818432106880.04
South Korea,2022,25.0,6.0,0.35805000000000003,171.57000000000002,1673916511799.71,1673916511799.71
South Korea,2023,,8.0,0.036855,182.65800000000002,1712792854202.37,1712792854202.37
Spain,2003,3.0,361.0,,,907491523174.116,907491523174.116
Spain,2004,5.0,398.0,2.7510000000000003,1753.5,1069055675273.75,1069055675273.75
Spain,2005,5.0,368.0,3.108,1953.0,1153715822717.51,1153715822717.51
Spain,2006,12.0,337.0,3.7485,2362.5,1260398977831.76,1260398977831.76
Spain,2007,4.0,351.0,4.3365,2719.5,1474002579820.0,1474002579820.0
Spain,2008,1.0,351.0,4.452000000000001,2782.5,1631863493552.34,1631863493552.34
Spain,2009,1.0,365.0,4.4205000000000005,2835.0,1491472923706.64,1491472923706.64
Spain,2010,1.0,366.0,4.483499999999999,2877.0,1422108199783.34,1422108199783.34
Spain,2011,1.0,371.0,4.357500000000001,2919.0,1480710495710.12,1480710495710.12
Spain,2012,1.0,367.0,4.494000000000001,2887.5,1324750738725.0,1324750738725.0
Spain,2013,1.0,362.0,4.5255,2929.5,1355579535912.55,1355579535912.55
Spain,2014,9.0,415.0,5.1765,3286.5,1371820537888.62,1371820537888.62
Spain,2015,3.0,419.0,5.691,3643.5,1196156971279.69,1196156971279.69
Spain,2016,10.0,408.0,6.426,4242.0,1233554967011.68,1233554967011.68
Spain,2017,6.0,413.0,8.001000000000001,5386.5,1313245330197.65,1313245330197.65
Spain,2018,9.0,416.0,9.575999999999999,6489.0,1421702715218.04,1421702715218.04
Spain,2019,8.0,475.0,8.0955,5701.5,1394320055129.41,1394320055129.41
Spain,2020,6.0,520.0,7.476000000000001,5481.0,1278128867875.49,1278128867875.49
Spain,2021,7.0,535.0,7.014,5491.5,1445651653604.63,1445651653604.63
Spain,2022,10.0,498.0,7.2765,5523.0,1417800466262.65,1417800466262.65
Spain,2023,,496.0,7.6335,5911.5,1580694712515.71,1580694712515.71
Switzerland,2003,44.0,15.0,,,362075086507.76,362075086507.76
Switzerland,2004,51.0,20.0,0.5953499999999999,174.90900000000002,403912891033.374,403912891033.374
Switzerland,2005,35.0,27.0,0.60165,180.6,418284865884.998,418284865884.998
Switzerland,2006,17.0,25.0,0.53445,166.068,441634672196.523,441634672196.523
Switzerland,2007,44.0,26.0,0.61425,199.68900000000002,490740715594.802,490740715594.802
Switzerland,2008,24.0,27.0,0.59955,192.9375,567267767519.158,567267767519.158
Switzerland,2009,18.0,27.0,0.5984999999999999,201.18,554212916092.271,554212916092.271
Switzerland,2010,22.0,26.0,0.5848500000000001,187.6875,598851028906.58,598851028906.58
Switzerland,2011,17.0,25.0,0.72765,248.0625,715888126682.396,715888126682.396
Switzerland,2012,12.0,25.0,0.6919500000000001,229.005,686420221557.99,686420221557.99
Switzerland,2013,8.0,31.0,0.7287,254.394,706234937370.968,706234937370.968
Switzerland,2014,12.0,31.0,0.8095500000000001,261.345,726537808338.0,726537808338.0
Switzerland,2015,12.0,41.0,0.9555000000000001,322.9275,694118186379.628,694118186379.628
Switzerland,2016,11.0,40.0,0.8043,280.71750000000003,687895460902.713,687895460902.713
Switzerland,2017,8.0,40.0,0.9807000000000001,351.12,695200833086.499,695200833086.499
Switzerland,2018,8.0,33.0,1.02165,390.2325,725568717468.001,725568717468.001
Switzerland,2019,12.0,34.0,0.79695,306.73650000000004,721369112726.724,721369112726.724
Switzerland,2020,16.0,42.0,0.85995,305.13000000000005,741999406005.627,741999406005.627
Switzerland,2021,13.0,38.0,1.01535,391.96500000000003,813408787222.499,813408787222.499
Switzerland,2022,12.0,29.0,1.01955,377.4225,818426550206.45,818426550206.45
Switzerland,2023,,36.0,1.0710000000000002,501.3225,884940402230.409,884940402230.409
Turkey,2003,8.0,15.0,,,314595572145.767,314595572145.767
Turkey,2004,14.0,12.0,1.3125,776.1285,408865430220.331,408865430220.331
Turkey,2005,11.0,14.0,1.0227,658.8435000000001,506314717661.655,506314717661.655
Turkey,2006,26.0,9.0,1.3965,845.061,557076157773.479,557076157773.479
Turkey,2007,16.0,12.0,1.2915,856.3275,681321124295.914,681321124295.914
Turkey,2008,10.0,18.0,1.26,790.8915000000001,770449132861.373,770449132861.373
Turkey,2009,41.0,13.0,1.26,848.7675,649289324627.732,649289324627.732
Turkey,2010,31.0,12.0,1.4595,953.379,776967266305.53,776967266305.53
Turkey,2011,28.0,17.0,1.6695000000000002,1021.419,838785289694.35,838785289694.35
Turkey,2012,40.0,15.0,1.5750000000000002,1033.4415000000001,880555885492.269,880555885492.269
Turkey,2013,43.0,15.0,1.5645,1144.5,957799120008.32,957799120008.32
Turkey,2014,49.0,15.0,1.722,1071.0,938934609296.966,938934609296.966
Turkey,2015,21.0,16.0,1.7535,1176.0,864313810469.009,864313810469.009
Turkey,2016,24.0,17.0,1.302,894.894,869682881593.041,869682881593.041
Turkey,2017,42.0,17.0,1.1340000000000001,751.6215000000001,858988492853.742,858988492853.742
Turkey,2018,39.0,21.0,1.0710000000000002,773.3565,778972199727.859,778972199727.859
Turkey,2019,29.0,19.0,0.95235,681.0090000000001,761005946788.221,761005946788.221
Turkey,2020,32.0,23.0,1.1864999999999999,1011.8850000000001,720338498174.744,720338498174.744
Turkey,2021,37.0,21.0,1.3860000000000001,1144.5,819865253669.661,819865253669.661
Turkey,2022,,19.0,1.6065,1260.0,907118435952.688,907118435952.688
Turkey,2023,,16.0,1.533,1323.0,1108022373259.51,1108022373259.51
United States,2003,11.0,11.0,,,11456450000000.0,11456450000000.0
United States,2004,11.0,14.0,,,12217196000000.0,12217196000000.0
United States,2005,8.0,11.0,,,13039197000000.0,13039197000000.0
United States,2006,31.0,20.0,0.08085,37.642500000000005,13815583000000.0,13815583000000.0
United States,2007,19.0,17.0,0.22995000000000002,123.9315,14474228000000.0,14474228000000.0
United States,2008,22.0,13.0,0.2667,160.7865,14769862000000.0,14769862000000.0
United States,2009,14.0,17.0,0.2541,156.03,14478067000000.0,14478067000000.0
United States,2010,18.0,18.0,0.34335000000000004,188.055,15048971000000.0,15048971000000.0
United States,2011,34.0,19.0,0.3675,272.86350000000004,15599732000000.0,15599732000000.0
United States,2012,28.0,16.0,0.41475000000000006,306.63149999999996,16253970000000.0,16253970000000.0
United States,2013,14.0,15.0,0.39795,297.57,16880683000000.0,16880683000000.0
United States,2014,27.0,16.0,0.44205,283.1535,17608138000000.0,17608138000000.0
United States,2015,32.0,16.0,0.5397000000000001,378.588,18295019000000.0,18295019000000.0
United States,2016,28.0,15.0,0.5523,354.03900000000004,18804913000000.0,18804913000000.0
United States,2017,24.0,16.0,0.5628000000000001,461.769,19612102000000.0,19612102000000.0
United States,2018,25.0,22.0,0.72975,575.2215000000001,20656516000000.0,20656516000000.0
United States,2019,22.0,18.0,0.80745,652.869,21521395000000.0,21521395000000.0
United States,2020,22.0,19.0,0.9974999999999999,838.0050000000001,21322950000000.0,21322950000000.0
United States,2021,11.0,32.0,1.1130000000000002,916.545,23594031000000.0,23594031000000.0
United States,2022,13.0,26.0,1.302,1186.5,25744108000000.0,25744108000000.0
United States,2023,,27.0,1.3755000000000002,1365.0,27360935000000.0,27360935000000.0
